2017 NAICS Code,2017 NAICS Title
,
111110,SOYBEAN FARMING
111120,OILSEED (EXCEPT SOYBEAN) FARMING 
111130,DRY PEA AND BEAN FARMING 
111140,WHEAT FARMING
111150,CORN FARMING 
111160,RICE FARMING
111191,OILSEED AND GRAIN COMBINATION FARMING 
111199,ALL OTHER GRAIN FARMING 
111211,POTATO FARMING 
111219,OTHER VEGETABLE (EXCEPT POTATO) AND MELON FARMING 
111310,ORANGE GROVES
111320,CITRUS (EXCEPT ORANGE) GROVES 
111331,APPLE ORCHARDS 
111332,GRAPE VINEYARDS 
111333,STRAWBERRY FARMING 
111334,BERRY (EXCEPT STRAWBERRY) FARMING 
111335,TREE NUT FARMING 
111336,FRUIT AND TREE NUT COMBINATION FARMING 
111339,OTHER NONCITRUS FRUIT FARMING 
111411,MUSHROOM PRODUCTION 
111419,OTHER FOOD CROPS GROWN UNDER COVER 
111421,NURSERY AND TREE PRODUCTION 
111422,FLORICULTURE PRODUCTION 
111910,TOBACCO FARMING
111920,COTTON FARMING
111930,SUGARCANE FARMING
111940,HAY FARMING 
111991,SUGAR BEET FARMING 
111992,PEANUT FARMING 
111998,ALL OTHER MISCELLANEOUS CROP FARMING 
112111,BEEF CATTLE RANCHING AND FARMING 
112112,CATTLE FEEDLOTS 
112120,DAIRY CATTLE AND MILK PRODUCTION
112130,DUAL-PURPOSE CATTLE RANCHING AND FARMING 
112210,HOG AND PIG FARMING 
112310,CHICKEN EGG PRODUCTION 
112320,BROILERS AND OTHER MEAT TYPE CHICKEN PRODUCTION 
112330,TURKEY PRODUCTION
112340,POULTRY HATCHERIES
112390,OTHER POULTRY PRODUCTION 
112410,SHEEP FARMING
112420,GOAT FARMING
112511,FINFISH FARMING AND FISH HATCHERIES 
112512,SHELLFISH FARMING 
112519,OTHER AQUACULTURE 
112910,APICULTURE
112920,HORSES AND OTHER EQUINE PRODUCTION
112930,FUR-BEARING ANIMAL AND RABBIT PRODUCTION
112990,ALL OTHER ANIMAL PRODUCTION 
113110,TIMBER TRACT OPERATIONS
113210,FOREST NURSERIES AND GATHERING OF FOREST PRODUCTS 
113310,LOGGING 
114111,FINFISH FISHING 
114112,SHELLFISH FISHING 
114119,OTHER MARINE FISHING 
114210,HUNTING AND TRAPPING
115111,COTTON GINNING 
115112,"SOIL PREPARATION, PLANTING, AND CULTIVATING "
115113,"CROP HARVESTING, PRIMARILY BY MACHINE "
115114,POSTHARVEST CROP ACTIVITIES (EXCEPT COTTON GINNING) 
115115,FARM LABOR CONTRACTORS AND CREW LEADERS 
115116,FARM MANAGEMENT SERVICES 
115210,SUPPORT ACTIVITIES FOR ANIMAL PRODUCTION
115310,SUPPORT ACTIVITIES FOR FORESTRY
211120,CRUDE PETROLEUM EXTRACTION 
211130,NATURAL GAS EXTRACTION 
212111,BITUMINOUS COAL AND LIGNITE SURFACE MINING 
212112,BITUMINOUS COAL UNDERGROUND MINING 
212113,ANTHRACITE MINING 
212210,IRON ORE MINING
212221,GOLD ORE MINING 
212222,SILVER ORE MINING 
212230,"COPPER, NICKEL, LEAD, AND ZINC MINING "
212291,URANIUM-RADIUM-VANADIUM ORE MINING 
212299,ALL OTHER METAL ORE MINING 
212311,DIMENSION STONE MINING AND QUARRYING 
212312,CRUSHED AND BROKEN LIMESTONE MINING AND QUARRYING 
212313,CRUSHED AND BROKEN GRANITE MINING AND QUARRYING 
212319,OTHER CRUSHED AND BROKEN STONE MINING AND QUARRYING 
212321,CONSTRUCTION SAND AND GRAVEL MINING 
212322,INDUSTRIAL SAND MINING 
212324,KAOLIN AND BALL CLAY MINING 
212325,CLAY AND CERAMIC AND REFRACTORY MINERALS MINING 
212391,"POTASH, SODA, AND BORATE MINERAL MINING "
212392,PHOSPHATE ROCK MINING 
212393,OTHER CHEMICAL AND FERTILIZER MINERAL MINING 
212399,ALL OTHER NONMETALLIC MINERAL MINING 
213111,DRILLING OIL AND GAS WELLS
213112,SUPPORT ACTIVITIES FOR OIL AND GAS OPERATIONS 
213113,SUPPORT ACTIVITIES FOR COAL MINING 
213114,SUPPORT ACTIVITIES FOR METAL MINING 
213115,SUPPORT ACTIVITIES FOR NONMETALLIC MINERALS (EXCEPT FUELS) MINING 
221111,HYDROELECTRIC POWER GENERATION 
221112,FOSSIL FUEL ELECTRIC POWER GENERATION 
221113,NUCLEAR ELECTRIC POWER GENERATION 
221114,SOLAR ELECTRIC POWER GENERATION 
221115,WIND ELECTRIC POWER GENERATION 
221116,GEOTHERMAL ELECTRIC POWER GENERATION 
221117,BIOMASS ELECTRIC POWER GENERATION 
221118,OTHER ELECTRIC POWER GENERATION 
221121,ELECTRIC BULK POWER TRANSMISSION AND CONTROL 
221122,ELECTRIC POWER DISTRIBUTION 
221210,NATURAL GAS DISTRIBUTION 
221310,WATER SUPPLY AND IRRIGATION SYSTEMS 
221320,SEWAGE TREATMENT FACILITIES 
221330,STEAM AND AIR-CONDITIONING SUPPLY 
236115,NEW SINGLE-FAMILY HOUSING CONSTRUCTION (EXCEPT FOR-SALE BUILDERS) 
236116,NEW MULTIFAMILY HOUSING CONSTRUCTION (EXCEPT FOR-SALE BUILDERS) 
236117,NEW HOUSING FOR-SALE BUILDERS 
236118,RESIDENTIAL REMODELERS 
236210,INDUSTRIAL BUILDING CONSTRUCTION 
236220,COMMERCIAL AND INSTITUTIONAL BUILDING CONSTRUCTION 
237110,WATER AND SEWER LINE AND RELATED STRUCTURES CONSTRUCTION 
237120,OIL AND GAS PIPELINE AND RELATED STRUCTURES CONSTRUCTION 
237130,POWER AND COMMUNICATION LINE AND RELATED STRUCTURES CONSTRUCTION 
237210,LAND SUBDIVISION 
237310,"HIGHWAY, STREET, AND BRIDGE CONSTRUCTION "
237990,OTHER HEAVY AND CIVIL ENGINEERING CONSTRUCTION 
238110,POURED CONCRETE FOUNDATION AND STRUCTURE CONTRACTORS 
238120,STRUCTURAL STEEL AND PRECAST CONCRETE CONTRACTORS 
238130,FRAMING CONTRACTORS 
238140,MASONRY CONTRACTORS 
238150,GLASS AND GLAZING CONTRACTORS 
238160,ROOFING CONTRACTORS 
238170,SIDING CONTRACTORS 
238190,"OTHER FOUNDATION, STRUCTURE, AND BUILDING EXTERIOR CONTRACTORS "
238210,ELECTRICAL CONTRACTORS AND OTHER WIRING INSTALLATION CONTRACTORS
238220,"PLUMBING, HEATING, AND AIR-CONDITIONING CONTRACTORS "
238290,OTHER BUILDING EQUIPMENT CONTRACTORS 
238310,DRYWALL AND INSULATION CONTRACTORS 
238320,PAINTING AND WALL COVERING CONTRACTORS
238330,FLOORING CONTRACTORS
238340,TILE AND TERRAZZO CONTRACTORS
238350,FINISH CARPENTRY CONTRACTORS
238390,OTHER BUILDING FINISHING CONTRACTORS
238910,SITE PREPARATION CONTRACTORS
238990,ALL OTHER SPECIALTY TRADE CONTRACTORS
311111,DOG AND CAT FOOD MANUFACTURING 
311119,OTHER ANIMAL FOOD MANUFACTURING 
311211,FLOUR MILLING 
311212,RICE MILLING 
311213,MALT MANUFACTURING 
311221,WET CORN MILLING 
311224,SOYBEAN AND OTHER OILSEED PROCESSING 
311225,FATS AND OILS REFINING AND BLENDING 
311230,BREAKFAST CEREAL MANUFACTURING
311313,BEET SUGAR MANUFACTURING 
311314,CANE SUGAR MANUFACTURING 
311340,NONCHOCOLATE CONFECTIONERY MANUFACTURING
311351,CHOCOLATE AND CONFECTIONERY MANUFACTURING FROM CACAO BEANS 
311352,CONFECTIONERY MANUFACTURING FROM PURCHASED CHOCOLATE 
311411,"FROZEN FRUIT, JUICE, AND VEGETABLE MANUFACTURING "
311412,FROZEN SPECIALTY FOOD MANUFACTURING 
311421,FRUIT AND VEGETABLE CANNING 
311422,SPECIALTY CANNING 
311423,DRIED AND DEHYDRATED FOOD MANUFACTURING 
311511,FLUID MILK MANUFACTURING 
311512,CREAMERY BUTTER MANUFACTURING 
311513,CHEESE MANUFACTURING 
311514,"DRY, CONDENSED, AND EVAPORATED DAIRY PRODUCT MANUFACTURING "
311520,ICE CREAM AND FROZEN DESSERT MANUFACTURING
311611,ANIMAL (EXCEPT POULTRY) SLAUGHTERING 
311612,MEAT PROCESSED FROM CARCASSES 
311613,RENDERING AND MEAT BYPRODUCT PROCESSING 
311615,POULTRY PROCESSING 
311710,SEAFOOD PRODUCT PREPARATION AND PACKAGING
311811,RETAIL BAKERIES 
311812,COMMERCIAL BAKERIES 
311813,"FROZEN CAKES, PIES, AND OTHER PASTRIES MANUFACTURING "
311821,COOKIE AND CRACKER MANUFACTURING 
311824,"DRY PASTA, DOUGH, AND FLOUR MIXES MANUFACTURING FROM PURCHASED FLOUR "
311830,TORTILLA MANUFACTURING
311911,ROASTED NUTS AND PEANUT BUTTER MANUFACTURING 
311919,OTHER SNACK FOOD MANUFACTURING 
311920,COFFEE AND TEA MANUFACTURING 
311930,FLAVORING SYRUP AND CONCENTRATE MANUFACTURING
311941,"MAYONNAISE, DRESSING, AND OTHER PREPARED SAUCE MANUFACTURING "
311942,SPICE AND EXTRACT MANUFACTURING 
311991,PERISHABLE PREPARED FOOD MANUFACTURING 
311999,ALL OTHER MISCELLANEOUS FOOD MANUFACTURING 
312111,SOFT DRINK MANUFACTURING 
312112,BOTTLED WATER MANUFACTURING 
312113,ICE MANUFACTURING 
312120,BREWERIES
312130,WINERIES 
312140,DISTILLERIES 
312230,TOBACCO MANUFACTURING 
313110,"FIBER, YARN, AND THREAD MILLS "
313210,BROADWOVEN FABRIC MILLS
313220,NARROW FABRIC MILLS AND SCHIFFLI MACHINE EMBROIDERY
313230,NONWOVEN FABRIC MILLS
313240,KNIT FABRIC MILLS
313310,TEXTILE AND FABRIC FINISHING MILLS 
313320,FABRIC COATING MILLS
314110,CARPET AND RUG MILLS
314120,CURTAIN AND LINEN MILLS
314910,TEXTILE BAG AND CANVAS MILLS 
314994,"ROPE, CORDAGE, TWINE, TIRE CORD, AND TIRE FABRIC MILLS "
314999,ALL OTHER MISCELLANEOUS TEXTILE PRODUCT MILLS 
315110,HOSIERY AND SOCK MILLS
315190,OTHER APPAREL KNITTING MILLS 
315210,CUT AND SEW APPAREL CONTRACTORS 
315220,MEN’S AND BOYS’ CUT AND SEW APPAREL MANUFACTURING 
315240,"WOMEN’S, GIRLS’, AND INFANTS’ CUT AND SEW APPAREL MANUFACTURING "
315280,OTHER CUT AND SEW APPAREL MANUFACTURING 
315990,APPAREL ACCESSORIES AND OTHER APPAREL MANUFACTURING 
316110,LEATHER AND HIDE TANNING AND FINISHING
316210,FOOTWEAR MANUFACTURING 
316992,WOMEN'S HANDBAG AND PURSE MANUFACTURING 
316998,ALL OTHER LEATHER GOOD AND ALLIED PRODUCT MANUFACTURING 
321113,SAWMILLS 
321114,WOOD PRESERVATION 
321211,HARDWOOD VENEER AND PLYWOOD MANUFACTURING 
321212,SOFTWOOD VENEER AND PLYWOOD MANUFACTURING 
321213,ENGINEERED WOOD MEMBER (EXCEPT TRUSS) MANUFACTURING 
321214,TRUSS MANUFACTURING 
321219,RECONSTITUTED WOOD PRODUCT MANUFACTURING 
321911,WOOD WINDOW AND DOOR MANUFACTURING 
321912,"CUT STOCK, RESAWING LUMBER, AND PLANING "
321918,OTHER MILLWORK (INCLUDING FLOORING) 
321920,WOOD CONTAINER AND PALLET MANUFACTURING
321991,MANUFACTURED HOME (MOBILE HOME) MANUFACTURING 
321992,PREFABRICATED WOOD BUILDING MANUFACTURING 
321999,ALL OTHER MISCELLANEOUS WOOD PRODUCT MANUFACTURING 
322110,PULP MILLS 
322121,PAPER (EXCEPT NEWSPRINT) MILLS 
322122,NEWSPRINT MILLS 
322130,PAPERBOARD MILLS 
322211,CORRUGATED AND SOLID FIBER BOX MANUFACTURING 
322212,FOLDING PAPERBOARD BOX MANUFACTURING 
322219,OTHER PAPERBOARD CONTAINER MANUFACTURING 
322220,PAPER BAG AND COATED AND TREATED PAPER MANUFACTURING
322230,STATIONERY PRODUCT MANUFACTURING
322291,SANITARY PAPER PRODUCT MANUFACTURING 
322299,ALL OTHER CONVERTED PAPER PRODUCT MANUFACTURING 
323111,COMMERCIAL PRINTING (EXCEPT SCREEN AND BOOKS) 
323113,COMMERCIAL SCREEN PRINTING 
323117,BOOKS PRINTING 
323120,SUPPORT ACTIVITIES FOR PRINTING
324110,PETROLEUM REFINERIES
324121,ASPHALT PAVING MIXTURE AND BLOCK MANUFACTURING 
324122,ASPHALT SHINGLE AND COATING MATERIALS MANUFACTURING 
324191,PETROLEUM LUBRICATING OIL AND GREASE MANUFACTURING 
324199,ALL OTHER PETROLEUM AND COAL PRODUCTS MANUFACTURING 
325110,PETROCHEMICAL MANUFACTURING
325120,INDUSTRIAL GAS MANUFACTURING
325130,SYNTHETIC DYE AND PIGMENT MANUFACTURING
325180,OTHER BASIC INORGANIC CHEMICAL MANUFACTURING 
325193,ETHYL ALCOHOL MANUFACTURING 
325194,"CYCLIC CRUDE, INTERMEDIATE, AND GUM AND WOOD CHEMICAL MANUFACTURING "
325199,ALL OTHER BASIC ORGANIC CHEMICAL MANUFACTURING 
325211,PLASTICS MATERIAL AND RESIN MANUFACTURING 
325212,SYNTHETIC RUBBER MANUFACTURING 
325220,ARTIFICIAL AND SYNTHETIC FIBERS AND FILAMENTS MANUFACTURING
325311,NITROGENOUS FERTILIZER MANUFACTURING 
325312,PHOSPHATIC FERTILIZER MANUFACTURING 
325314,FERTILIZER (MIXING ONLY) MANUFACTURING 
325320,PESTICIDE AND OTHER AGRICULTURAL CHEMICAL MANUFACTURING
325411,MEDICINAL AND BOTANICAL MANUFACTURING 
325412,PHARMACEUTICAL PREPARATION MANUFACTURING 
325413,IN-VITRO DIAGNOSTIC SUBSTANCE MANUFACTURING 
325414,BIOLOGICAL PRODUCT (EXCEPT DIAGNOSTIC) MANUFACTURING 
325510,PAINT AND COATING MANUFACTURING
325520,ADHESIVE MANUFACTURING
325611,SOAP AND OTHER DETERGENT MANUFACTURING 
325612,POLISH AND OTHER SANITATION GOOD MANUFACTURING 
325613,SURFACE ACTIVE AGENT MANUFACTURING 
325620,TOILET PREPARATION MANUFACTURING
325910,PRINTING INK MANUFACTURING
325920,EXPLOSIVES MANUFACTURING
325991,CUSTOM COMPOUNDING OF PURCHASED RESINS 
325992,"PHOTOGRAPHIC FILM, PAPER, PLATE, AND CHEMICAL MANUFACTURING "
325998,ALL OTHER MISCELLANEOUS CHEMICAL PRODUCT AND PREPARATION MANUFACTURING 
326111,PLASTICS BAG AND POUCH MANUFACTURING 
326112,PLASTICS PACKAGING FILM AND SHEET (INCLUDING LAMINATED) MANUFACTURING 
326113,UNLAMINATED PLASTICS FILM AND SHEET (EXCEPT PACKAGING) MANUFACTURING 
326121,UNLAMINATED PLASTICS PROFILE SHAPE MANUFACTURING 
326122,PLASTICS PIPE AND PIPE FITTING MANUFACTURING 
326130,"LAMINATED PLASTICS PLATE, SHEET (EXCEPT PACKAGING), AND SHAPE MANUFACTURING"
326140,POLYSTYRENE FOAM PRODUCT MANUFACTURING
326150,URETHANE AND OTHER FOAM PRODUCT (EXCEPT POLYSTYRENE) MANUFACTURING
326160,PLASTICS BOTTLE MANUFACTURING
326191,PLASTICS PLUMBING FIXTURE MANUFACTURING 
326199,ALL OTHER PLASTICS PRODUCT MANUFACTURING 
326211,TIRE MANUFACTURING (EXCEPT RETREADING) 
326212,TIRE RETREADING 
326220,RUBBER AND PLASTICS HOSES AND BELTING MANUFACTURING
326291,RUBBER PRODUCT MANUFACTURING FOR MECHANICAL USE 
326299,ALL OTHER RUBBER PRODUCT MANUFACTURING 
327110,"POTTERY, CERAMICS, AND PLUMBING FIXTURE MANUFACTURING "
327120,CLAY BUILDING MATERIAL AND REFRACTORIES MANUFACTURING 
327211,FLAT GLASS MANUFACTURING 
327212,OTHER PRESSED AND BLOWN GLASS AND GLASSWARE MANUFACTURING 
327213,GLASS CONTAINER MANUFACTURING 
327215,GLASS PRODUCT MANUFACTURING MADE OF PURCHASED GLASS 
327310,CEMENT MANUFACTURING
327320,READY-MIX CONCRETE MANUFACTURING
327331,CONCRETE BLOCK AND BRICK MANUFACTURING 
327332,CONCRETE PIPE MANUFACTURING 
327390,OTHER CONCRETE PRODUCT MANUFACTURING 
327410,LIME MANUFACTURING
327420,GYPSUM PRODUCT MANUFACTURING
327910,ABRASIVE PRODUCT MANUFACTURING
327991,CUT STONE AND STONE PRODUCT MANUFACTURING 
327992,GROUND OR TREATED MINERAL AND EARTH MANUFACTURING 
327993,MINERAL WOOL MANUFACTURING 
327999,ALL OTHER MISCELLANEOUS NONMETALLIC MINERAL PRODUCT MANUFACTURING 
331110,IRON AND STEEL MILLS AND FERROALLOY MANUFACTURING 
331210,IRON AND STEEL PIPE AND TUBE MANUFACTURING FROM PURCHASED STEEL
331221,ROLLED STEEL SHAPE MANUFACTURING 
331222,STEEL WIRE DRAWING 
331313,ALUMINA REFINING AND PRIMARY ALUMINUM PRODUCTION 
331314,SECONDARY SMELTING AND ALLOYING OF ALUMINUM 
331315,"ALUMINUM SHEET, PLATE, AND FOIL MANUFACTURING "
331318,"OTHER ALUMINUM ROLLING, DRAWING, AND EXTRUDING "
331410,NONFERROUS METAL (EXCEPT ALUMINUM) SMELTING AND REFINING 
331420,"COPPER ROLLING, DRAWING, EXTRUDING, AND ALLOYING"
331491,"NONFERROUS METAL (EXCEPT COPPER AND ALUMINUM) ROLLING, DRAWING, AND EXTRUDING "
331492,"SECONDARY SMELTING, REFINING, AND ALLOYING OF NONFERROUS METAL (EXCEPT COPPER AND ALUMINUM) "
331511,IRON FOUNDRIES 
331512,STEEL INVESTMENT FOUNDRIES 
331513,STEEL FOUNDRIES (EXCEPT INVESTMENT) 
331523,NONFERROUS METAL DIE-CASTING FOUNDRIES 
331524,ALUMINUM FOUNDRIES (EXCEPT DIE-CASTING) 
331529,OTHER NONFERROUS METAL FOUNDRIES (EXCEPT DIE-CASTING) 
332111,IRON AND STEEL FORGING 
332112,NONFERROUS FORGING 
332114,CUSTOM ROLL FORMING 
332117,POWDER METALLURGY PART MANUFACTURING 
332119,"METAL CROWN, CLOSURE, AND OTHER METAL STAMPING (EXCEPT AUTOMOTIVE) "
332215,"METAL KITCHEN COOKWARE, UTENSIL, CUTLERY, AND FLATWARE (EXCEPT PRECIOUS) MANUFACTURING "
332216,SAW BLADE AND HANDTOOL MANUFACTURING 
332311,PREFABRICATED METAL BUILDING AND COMPONENT MANUFACTURING 
332312,FABRICATED STRUCTURAL METAL MANUFACTURING 
332313,PLATE WORK MANUFACTURING 
332321,METAL WINDOW AND DOOR MANUFACTURING 
332322,SHEET METAL WORK MANUFACTURING 
332323,ORNAMENTAL AND ARCHITECTURAL METAL WORK MANUFACTURING 
332410,POWER BOILER AND HEAT EXCHANGER MANUFACTURING
332420,METAL TANK (HEAVY GAUGE) MANUFACTURING
332431,METAL CAN MANUFACTURING 
332439,OTHER METAL CONTAINER MANUFACTURING 
332510,HARDWARE MANUFACTURING
332613,SPRING MANUFACTURING 
332618,OTHER FABRICATED WIRE PRODUCT MANUFACTURING 
332710,MACHINE SHOPS
332721,PRECISION TURNED PRODUCT MANUFACTURING 
332722,"BOLT, NUT, SCREW, RIVET, AND WASHER MANUFACTURING "
332811,METAL HEAT TREATING 
332812,"METAL COATING, ENGRAVING (EXCEPT JEWELRY AND SILVERWARE), AND ALLIED SERVICES TO MANUFACTURERS "
332813,"ELECTROPLATING, PLATING, POLISHING, ANODIZING, AND COLORING "
332911,INDUSTRIAL VALVE MANUFACTURING 
332912,FLUID POWER VALVE AND HOSE FITTING MANUFACTURING 
332913,PLUMBING FIXTURE FITTING AND TRIM MANUFACTURING 
332919,OTHER METAL VALVE AND PIPE FITTING MANUFACTURING 
332991,BALL AND ROLLER BEARING MANUFACTURING
332992,SMALL ARMS AMMUNITION MANUFACTURING 
332993,AMMUNITION (EXCEPT SMALL ARMS) MANUFACTURING 
332994,"SMALL ARMS, ORDNANCE, AND ORDNANCE ACCESSORIES MANUFACTURING "
332996,FABRICATED PIPE AND PIPE FITTING MANUFACTURING 
332999,ALL OTHER MISCELLANEOUS FABRICATED METAL PRODUCT MANUFACTURING 
333111,FARM MACHINERY AND EQUIPMENT MANUFACTURING 
333112,LAWN AND GARDEN TRACTOR AND HOME LAWN AND GARDEN EQUIPMENT MANUFACTURING 
333120,CONSTRUCTION MACHINERY MANUFACTURING
333131,MINING MACHINERY AND EQUIPMENT MANUFACTURING 
333132,OIL AND GAS FIELD MACHINERY AND EQUIPMENT MANUFACTURING 
333241,FOOD PRODUCT MACHINERY MANUFACTURING 
333242,SEMICONDUCTOR MACHINERY MANUFACTURING 
333243,"SAWMILL, WOODWORKING, AND PAPER MACHINERY MANUFACTURING "
333244,PRINTING MACHINERY AND EQUIPMENT MANUFACTURING 
333249,OTHER INDUSTRIAL MACHINERY MANUFACTURING 
333314,OPTICAL INSTRUMENT AND LENS MANUFACTURING 
333316,PHOTOGRAPHIC AND PHOTOCOPYING EQUIPMENT MANUFACTURING 
333318,OTHER COMMERCIAL AND SERVICE INDUSTRY MACHINERY MANUFACTURING 
333413,INDUSTRIAL AND COMMERCIAL FAN AND BLOWER AND AIR PURIFICATION EQUIPMENT MANUFACTURING 
333414,HEATING EQUIPMENT (EXCEPT WARM AIR FURNACES) MANUFACTURING 
333415,AIR-CONDITIONING AND WARM AIR HEATING EQUIPMENT AND COMMERCIAL AND INDUSTRIAL REFRIGERATION EQUIPMENT MANUFACTURING 
333511,INDUSTRIAL MOLD MANUFACTURING 
333514,"SPECIAL DIE AND TOOL, DIE SET, JIG, AND FIXTURE MANUFACTURING "
333515,CUTTING TOOL AND MACHINE TOOL ACCESSORY MANUFACTURING 
333517,MACHINE TOOL MANUFACTURING 
333519,ROLLING MILL AND OTHER METALWORKING MACHINERY MANUFACTURING 
333611,TURBINE AND TURBINE GENERATOR SET UNITS MANUFACTURING 
333612,"SPEED CHANGER, INDUSTRIAL HIGH-SPEED DRIVE, AND GEAR MANUFACTURING "
333613,MECHANICAL POWER TRANSMISSION EQUIPMENT MANUFACTURING 
333618,OTHER ENGINE EQUIPMENT MANUFACTURING 
333912,AIR AND GAS COMPRESSOR MANUFACTURING 
333914,"MEASURING, DISPENSING, AND OTHER PUMPING EQUIPMENT MANUFACTURING "
333921,ELEVATOR AND MOVING STAIRWAY MANUFACTURING 
333922,CONVEYOR AND CONVEYING EQUIPMENT MANUFACTURING 
333923,"OVERHEAD TRAVELING CRANE, HOIST, AND MONORAIL SYSTEM MANUFACTURING "
333924,"INDUSTRIAL TRUCK, TRACTOR, TRAILER, AND STACKER MACHINERY MANUFACTURING "
333991,POWER-DRIVEN HANDTOOL MANUFACTURING 
333992,WELDING AND SOLDERING EQUIPMENT MANUFACTURING 
333993,PACKAGING MACHINERY MANUFACTURING 
333994,INDUSTRIAL PROCESS FURNACE AND OVEN MANUFACTURING 
333995,FLUID POWER CYLINDER AND ACTUATOR MANUFACTURING 
333996,FLUID POWER PUMP AND MOTOR MANUFACTURING 
333997,SCALE AND BALANCE MANUFACTURING 
333999,ALL OTHER MISCELLANEOUS GENERAL PURPOSE MACHINERY MANUFACTURING 
334111,ELECTRONIC COMPUTER MANUFACTURING 
334112,COMPUTER STORAGE DEVICE MANUFACTURING 
334118,COMPUTER TERMINAL AND OTHER COMPUTER PERIPHERAL EQUIPMENT MANUFACTURING 
334210,TELEPHONE APPARATUS MANUFACTURING
334220,RADIO AND TELEVISION BROADCASTING AND WIRELESS COMMUNICATIONS EQUIPMENT MANUFACTURING
334290,OTHER COMMUNICATIONS EQUIPMENT MANUFACTURING
334310,AUDIO AND VIDEO EQUIPMENT MANUFACTURING
334412,BARE PRINTED CIRCUIT BOARD MANUFACTURING  
334413,SEMICONDUCTOR AND RELATED DEVICE MANUFACTURING 
334416,"CAPACITOR, RESISTOR, COIL, TRANSFORMER, AND OTHER INDUCTOR MANUFACTURING "
334417,ELECTRONIC CONNECTOR MANUFACTURING 
334418,PRINTED CIRCUIT ASSEMBLY (ELECTRONIC ASSEMBLY) MANUFACTURING 
334419,OTHER ELECTRONIC COMPONENT MANUFACTURING 
334510,ELECTROMEDICAL AND ELECTROTHERAPEUTIC APPARATUS MANUFACTURING 
334511,"SEARCH, DETECTION, NAVIGATION, GUIDANCE, AERONAUTICAL, AND NAUTICAL SYSTEM AND INSTRUMENT MANUFACTURING "
334512,"AUTOMATIC ENVIRONMENTAL CONTROL MANUFACTURING FOR RESIDENTIAL, COMMERCIAL, AND APPLIANCE USE "
334513,"INSTRUMENTS AND RELATED PRODUCTS MANUFACTURING FOR MEASURING, DISPLAYING, AND CONTROLLING INDUSTRIAL PROCESS VARIABLES "
334514,TOTALIZING FLUID METER AND COUNTING DEVICE MANUFACTURING 
334515,INSTRUMENT MANUFACTURING FOR MEASURING AND TESTING ELECTRICITY AND ELECTRICAL SIGNALS 
334516,ANALYTICAL LABORATORY INSTRUMENT MANUFACTURING 
334517,IRRADIATION APPARATUS MANUFACTURING 
334519,OTHER MEASURING AND CONTROLLING DEVICE MANUFACTURING 
334613,BLANK MAGNETIC AND OPTICAL RECORDING MEDIA MANUFACTURING 
334614,"SOFTWARE AND OTHER PRERECORDED COMPACT DISC, TAPE, AND RECORD REPRODUCING "
335110,ELECTRIC LAMP BULB AND PART MANUFACTURING
335121,RESIDENTIAL ELECTRIC LIGHTING FIXTURE MANUFACTURING 
335122,"COMMERCIAL, INDUSTRIAL, AND INSTITUTIONAL ELECTRIC LIGHTING FIXTURE MANUFACTURING "
335129,OTHER LIGHTING EQUIPMENT MANUFACTURING 
335210,SMALL ELECTRICAL APPLIANCE MANUFACTURING
335220,MAJOR HOUSEHOLD APPLIANCE MANUFACTURING 
335311,"POWER, DISTRIBUTION, AND SPECIALTY TRANSFORMER MANUFACTURING "
335312,MOTOR AND GENERATOR MANUFACTURING 
335313,SWITCHGEAR AND SWITCHBOARD APPARATUS MANUFACTURING 
335314,RELAY AND INDUSTRIAL CONTROL MANUFACTURING 
335911,STORAGE BATTERY MANUFACTURING 
335912,PRIMARY BATTERY MANUFACTURING 
335921,FIBER OPTIC CABLE MANUFACTURING 
335929,OTHER COMMUNICATION AND ENERGY WIRE MANUFACTURING 
335931,CURRENT-CARRYING WIRING DEVICE MANUFACTURING 
335932,NONCURRENT-CARRYING WIRING DEVICE MANUFACTURING 
335991,CARBON AND GRAPHITE PRODUCT MANUFACTURING 
335999,ALL OTHER MISCELLANEOUS ELECTRICAL EQUIPMENT AND COMPONENT MANUFACTURING 
336111,AUTOMOBILE MANUFACTURING 
336112,LIGHT TRUCK AND UTILITY VEHICLE MANUFACTURING 
336120,HEAVY DUTY TRUCK MANUFACTURING
336211,MOTOR VEHICLE BODY MANUFACTURING 
336212,TRUCK TRAILER MANUFACTURING 
336213,MOTOR HOME MANUFACTURING 
336214,TRAVEL TRAILER AND CAMPER MANUFACTURING 
336310,MOTOR VEHICLE GASOLINE ENGINE AND ENGINE PARTS MANUFACTURING
336320,MOTOR VEHICLE ELECTRICAL AND ELECTRONIC EQUIPMENT MANUFACTURING
336330,MOTOR VEHICLE STEERING AND SUSPENSION COMPONENTS (EXCEPT SPRING) MANUFACTURING
336340,MOTOR VEHICLE BRAKE SYSTEM MANUFACTURING
336350,MOTOR VEHICLE TRANSMISSION AND POWER TRAIN PARTS MANUFACTURING
336360,MOTOR VEHICLE SEATING AND INTERIOR TRIM MANUFACTURING
336370,MOTOR VEHICLE METAL STAMPING
336390,OTHER MOTOR VEHICLE PARTS MANUFACTURING
336411,AIRCRAFT MANUFACTURING 
336412,AIRCRAFT ENGINE AND ENGINE PARTS MANUFACTURING 
336413,OTHER AIRCRAFT PARTS AND AUXILIARY EQUIPMENT MANUFACTURING 
336414,GUIDED MISSILE AND SPACE VEHICLE MANUFACTURING 
336415,GUIDED MISSILE AND SPACE VEHICLE PROPULSION UNIT AND PROPULSION UNIT PARTS MANUFACTURING 
336419,OTHER GUIDED MISSILE AND SPACE VEHICLE PARTS AND AUXILIARY EQUIPMENT MANUFACTURING 
336510,RAILROAD ROLLING STOCK MANUFACTURING
336611,SHIP BUILDING AND REPAIRING 
336612,BOAT BUILDING 
336991,"MOTORCYCLE, BICYCLE, AND PARTS MANUFACTURING "
336992,"MILITARY ARMORED VEHICLE, TANK, AND TANK COMPONENT MANUFACTURING "
336999,ALL OTHER TRANSPORTATION EQUIPMENT MANUFACTURING 
337110,WOOD KITCHEN CABINET AND COUNTERTOP MANUFACTURING
337121,UPHOLSTERED HOUSEHOLD FURNITURE MANUFACTURING 
337122,NONUPHOLSTERED WOOD HOUSEHOLD FURNITURE MANUFACTURING 
337124,METAL HOUSEHOLD FURNITURE MANUFACTURING 
337125,HOUSEHOLD FURNITURE (EXCEPT WOOD AND METAL) MANUFACTURING 
337127,INSTITUTIONAL FURNITURE MANUFACTURING 
337211,WOOD OFFICE FURNITURE MANUFACTURING 
337212,CUSTOM ARCHITECTURAL WOODWORK AND MILLWORK MANUFACTURING 
337214,OFFICE FURNITURE (EXCEPT WOOD) MANUFACTURING 
337215,"SHOWCASE, PARTITION, SHELVING, AND LOCKER MANUFACTURING "
337910,MATTRESS MANUFACTURING
337920,BLIND AND SHADE MANUFACTURING
339112,SURGICAL AND MEDICAL INSTRUMENT MANUFACTURING 
339113,SURGICAL APPLIANCE AND SUPPLIES MANUFACTURING 
339114,DENTAL EQUIPMENT AND SUPPLIES MANUFACTURING 
339115,OPHTHALMIC GOODS MANUFACTURING 
339116,DENTAL LABORATORIES 
339910,JEWELRY AND SILVERWARE MANUFACTURING 
339920,SPORTING AND ATHLETIC GOODS MANUFACTURING
339930,"DOLL, TOY, AND GAME MANUFACTURING"
339940,OFFICE SUPPLIES (EXCEPT PAPER) MANUFACTURING
339950,SIGN MANUFACTURING
339991,"GASKET, PACKING, AND SEALING DEVICE MANUFACTURING "
339992,MUSICAL INSTRUMENT MANUFACTURING 
339993,"FASTENER, BUTTON, NEEDLE, AND PIN MANUFACTURING "
339994,"BROOM, BRUSH, AND MOP MANUFACTURING "
339995,BURIAL CASKET MANUFACTURING 
339999,ALL OTHER MISCELLANEOUS MANUFACTURING 
423110,AUTOMOBILE AND OTHER MOTOR VEHICLE MERCHANT WHOLESALERS 
423120,MOTOR VEHICLE SUPPLIES AND NEW PARTS MERCHANT WHOLESALERS 
423130,TIRE AND TUBE MERCHANT WHOLESALERS 
423140,MOTOR VEHICLE PARTS (USED) MERCHANT WHOLESALERS 
423210,FURNITURE MERCHANT WHOLESALERS 
423220,HOME FURNISHING MERCHANT WHOLESALERS 
423310,"LUMBER, PLYWOOD, MILLWORK, AND WOOD PANEL MERCHANT WHOLESALERS "
423320,"BRICK, STONE, AND RELATED CONSTRUCTION MATERIAL MERCHANT WHOLESALERS "
423330,"ROOFING, SIDING, AND INSULATION MATERIAL MERCHANT WHOLESALERS "
423390,OTHER CONSTRUCTION MATERIAL MERCHANT WHOLESALERS 
423410,PHOTOGRAPHIC EQUIPMENT AND SUPPLIES MERCHANT WHOLESALERS 
423420,OFFICE EQUIPMENT MERCHANT WHOLESALERS 
423430,COMPUTER AND COMPUTER PERIPHERAL EQUIPMENT AND SOFTWARE MERCHANT WHOLESALERS 
423440,OTHER COMMERCIAL EQUIPMENT MERCHANT WHOLESALERS 
423450,"MEDICAL, DENTAL, AND HOSPITAL EQUIPMENT AND SUPPLIES MERCHANT WHOLESALERS "
423460,OPHTHALMIC GOODS MERCHANT WHOLESALERS 
423490,OTHER PROFESSIONAL EQUIPMENT AND SUPPLIES MERCHANT WHOLESALERS 
423510,METAL SERVICE CENTERS AND OTHER METAL MERCHANT WHOLESALERS 
423520,COAL AND OTHER MINERAL AND ORE MERCHANT WHOLESALERS 
423610,"ELECTRICAL APPARATUS AND EQUIPMENT, WIRING SUPPLIES, AND RELATED EQUIPMENT MERCHANT WHOLESALERS "
423620,"HOUSEHOLD APPLIANCES, ELECTRIC HOUSEWARES, AND CONSUMER ELECTRONICS MERCHANT WHOLESALERS "
423690,OTHER ELECTRONIC PARTS AND EQUIPMENT MERCHANT WHOLESALERS 
423710,HARDWARE MERCHANT WHOLESALERS 
423720,PLUMBING AND HEATING EQUIPMENT AND SUPPLIES (HYDRONICS) MERCHANT WHOLESALERS 
423730,WARM AIR HEATING AND AIR-CONDITIONING EQUIPMENT AND SUPPLIES MERCHANT WHOLESALERS 
423740,REFRIGERATION EQUIPMENT AND SUPPLIES MERCHANT WHOLESALERS 
423810,CONSTRUCTION AND MINING (EXCEPT OIL WELL) MACHINERY AND EQUIPMENT MERCHANT WHOLESALERS 
423820,FARM AND GARDEN MACHINERY AND EQUIPMENT MERCHANT WHOLESALERS 
423830,INDUSTRIAL MACHINERY AND EQUIPMENT MERCHANT WHOLESALERS 
423840,INDUSTRIAL SUPPLIES MERCHANT WHOLESALERS
423850,SERVICE ESTABLISHMENT EQUIPMENT AND SUPPLIES MERCHANT WHOLESALERS 
423860,TRANSPORTATION EQUIPMENT AND SUPPLIES (EXCEPT MOTOR VEHICLE) MERCHANT WHOLESALERS 
423910,SPORTING AND RECREATIONAL GOODS AND SUPPLIES MERCHANT WHOLESALERS 
423920,TOY AND HOBBY GOODS AND SUPPLIES MERCHANT WHOLESALERS 
423930,RECYCLABLE MATERIAL MERCHANT WHOLESALERS 
423940,"JEWELRY, WATCH, PRECIOUS STONE, AND PRECIOUS METAL MERCHANT WHOLESALERS "
423990,OTHER MISCELLANEOUS DURABLE GOODS MERCHANT WHOLESALERS 
424110,PRINTING AND WRITING PAPER MERCHANT WHOLESALERS 
424120,STATIONERY AND OFFICE SUPPLIES MERCHANT WHOLESALERS 
424130,INDUSTRIAL AND PERSONAL SERVICE PAPER MERCHANT WHOLESALERS 
424210,DRUGS AND DRUGGISTS' SUNDRIES MERCHANT WHOLESALERS 
424310,"PIECE GOODS, NOTIONS, AND OTHER DRY GOODS MERCHANT WHOLESALERS "
424320,MEN'S AND BOYS' CLOTHING AND FURNISHINGS MERCHANT WHOLESALERS 
424330,"WOMEN'S, CHILDREN'S, AND INFANTS' CLOTHING AND ACCESSORIES MERCHANT WHOLESALERS "
424340,FOOTWEAR MERCHANT WHOLESALERS 
424410,GENERAL LINE GROCERY MERCHANT WHOLESALERS 
424420,PACKAGED FROZEN FOOD MERCHANT WHOLESALERS 
424430,DAIRY PRODUCT (EXCEPT DRIED OR CANNED) MERCHANT WHOLESALERS 
424440,POULTRY AND POULTRY PRODUCT MERCHANT WHOLESALERS 
424450,CONFECTIONERY MERCHANT WHOLESALERS 
424460,FISH AND SEAFOOD MERCHANT WHOLESALERS 
424470,MEAT AND MEAT PRODUCT MERCHANT WHOLESALERS 
424480,FRESH FRUIT AND VEGETABLE MERCHANT WHOLESALERS 
424490,OTHER GROCERY AND RELATED PRODUCTS MERCHANT WHOLESALERS 
424510,GRAIN AND FIELD BEAN MERCHANT WHOLESALERS 
424520,LIVESTOCK MERCHANT WHOLESALERS 
424590,OTHER FARM PRODUCT RAW MATERIAL MERCHANT WHOLESALERS 
424610,PLASTICS MATERIALS AND BASIC FORMS AND SHAPES MERCHANT WHOLESALERS 
424690,OTHER CHEMICAL AND ALLIED PRODUCTS MERCHANT WHOLESALERS 
424710,PETROLEUM BULK STATIONS AND TERMINALS 
424720,PETROLEUM AND PETROLEUM PRODUCTS MERCHANT WHOLESALERS (EXCEPT BULK STATIONS AND TERMINALS) 
424810,BEER AND ALE MERCHANT WHOLESALERS 
424820,WINE AND DISTILLED ALCOHOLIC BEVERAGE MERCHANT WHOLESALERS 
424910,FARM SUPPLIES MERCHANT WHOLESALERS 
424920,"BOOK, PERIODICAL, AND NEWSPAPER MERCHANT WHOLESALERS "
424930,"FLOWER, NURSERY STOCK, AND FLORISTS' SUPPLIES MERCHANT WHOLESALERS "
424940,TOBACCO AND TOBACCO PRODUCT MERCHANT WHOLESALERS 
424950,"PAINT, VARNISH, AND SUPPLIES MERCHANT WHOLESALERS "
424990,OTHER MISCELLANEOUS NONDURABLE GOODS MERCHANT WHOLESALERS 
425110,BUSINESS TO BUSINESS ELECTRONIC MARKETS 
425120,WHOLESALE TRADE AGENTS AND BROKERS 
441110,NEW CAR DEALERS 
441120,USED CAR DEALERS 
441210,RECREATIONAL VEHICLE DEALERS 
441222,BOAT DEALERS 
441228,"MOTORCYCLE, ATV, AND ALL OTHER MOTOR VEHICLE DEALERS "
441310,AUTOMOTIVE PARTS AND ACCESSORIES STORES 
441320,TIRE DEALERS 
442110,FURNITURE STORES 
442210,FLOOR COVERING STORES 
442291,WINDOW TREATMENT STORES 
442299,ALL OTHER HOME FURNISHINGS STORES 
443141,HOUSEHOLD APPLIANCE STORES 
443142,ELECTRONICS STORES 
444110,HOME CENTERS 
444120,PAINT AND WALLPAPER STORES 
444130,HARDWARE STORES 
444190,OTHER BUILDING MATERIAL DEALERS 
444210,OUTDOOR POWER EQUIPMENT STORES 
444220,"NURSERY, GARDEN CENTER, AND FARM SUPPLY STORES "
445110,SUPERMARKETS AND OTHER GROCERY (EXCEPT CONVENIENCE) STORES 
445120,CONVENIENCE STORES 
445210,MEAT MARKETS 
445220,FISH AND SEAFOOD MARKETS 
445230,FRUIT AND VEGETABLE MARKETS 
445291,BAKED GOODS STORES 
445292,CONFECTIONERY AND NUT STORES 
445299,ALL OTHER SPECIALTY FOOD STORES 
445310,"BEER, WINE, AND LIQUOR STORES "
446110,PHARMACIES AND DRUG STORES 
446120,"COSMETICS, BEAUTY SUPPLIES, AND PERFUME STORES "
446130,OPTICAL GOODS STORES 
446191,FOOD (HEALTH) SUPPLEMENT STORES 
446199,ALL OTHER HEALTH AND PERSONAL CARE STORES 
447110,GASOLINE STATIONS WITH CONVENIENCE STORES 
447190,OTHER GASOLINE STATIONS 
448110,MEN'S CLOTHING STORES 
448120,WOMEN'S CLOTHING STORES 
448130,CHILDREN'S AND INFANTS' CLOTHING STORES 
448140,FAMILY CLOTHING STORES 
448150,CLOTHING ACCESSORIES STORES 
448190,OTHER CLOTHING STORES 
448210,SHOE STORES 
448310,JEWELRY STORES 
448320,LUGGAGE AND LEATHER GOODS STORES 
451110,SPORTING GOODS STORES 
451120,"HOBBY, TOY, AND GAME STORES "
451130,"SEWING, NEEDLEWORK, AND PIECE GOODS STORES "
451140,MUSICAL INSTRUMENT AND SUPPLIES STORES 
451211,BOOK STORES 
451212,NEWS DEALERS AND NEWSSTANDS 
452210,DEPARTMENT STORES 
452311,WAREHOUSE CLUBS AND SUPERCENTERS 
452319,ALL OTHER GENERAL MERCHANDISE STORES 
453110,FLORISTS 
453210,OFFICE SUPPLIES AND STATIONERY STORES 
453220,"GIFT, NOVELTY, AND SOUVENIR STORES "
453310,USED MERCHANDISE STORES 
453910,PET AND PET SUPPLIES STORES 
453920,ART DEALERS 
453930,MANUFACTURED (MOBILE) HOME DEALERS 
453991,TOBACCO STORES 
453998,ALL OTHER MISCELLANEOUS STORE RETAILERS (EXCEPT TOBACCO STORES) 
454110,ELECTRONIC SHOPPING AND MAIL-ORDER HOUSES 
454210,VENDING MACHINE OPERATORS 
454310,FUEL DEALERS 
454390,OTHER DIRECT SELLING ESTABLISHMENTS 
481111,SCHEDULED PASSENGER AIR TRANSPORTATION 
481112,SCHEDULED FREIGHT AIR TRANSPORTATION 
481211,NONSCHEDULED CHARTERED PASSENGER AIR TRANSPORTATION 
481212,NONSCHEDULED CHARTERED FREIGHT AIR TRANSPORTATION 
481219,OTHER NONSCHEDULED AIR TRANSPORTATION 
482111,LINE-HAUL RAILROADS 
482112,SHORT LINE RAILROADS 
483111,DEEP SEA FREIGHT TRANSPORTATION 
483112,DEEP SEA PASSENGER TRANSPORTATION 
483113,COASTAL AND GREAT LAKES FREIGHT TRANSPORTATION 
483114,COASTAL AND GREAT LAKES PASSENGER TRANSPORTATION 
483211,INLAND WATER FREIGHT TRANSPORTATION 
483212,INLAND WATER PASSENGER TRANSPORTATION 
484110,"GENERAL FREIGHT TRUCKING, LOCAL "
484121,"GENERAL FREIGHT TRUCKING, LONG-DISTANCE, TRUCKLOAD "
484122,"GENERAL FREIGHT TRUCKING, LONG-DISTANCE, LESS THAN TRUCKLOAD "
484210,USED HOUSEHOLD AND OFFICE GOODS MOVING
484220,"SPECIALIZED FREIGHT (EXCEPT USED GOODS) TRUCKING, LOCAL "
484230,"SPECIALIZED FREIGHT (EXCEPT USED GOODS) TRUCKING, LONG-DISTANCE "
485111,MIXED MODE TRANSIT SYSTEMS 
485112,COMMUTER RAIL SYSTEMS 
485113,BUS AND OTHER MOTOR VEHICLE TRANSIT SYSTEMS 
485119,OTHER URBAN TRANSIT SYSTEMS 
485210,INTERURBAN AND RURAL BUS TRANSPORTATION
485310,TAXI SERVICE 
485320,LIMOUSINE SERVICE
485410,SCHOOL AND EMPLOYEE BUS TRANSPORTATION
485510,CHARTER BUS INDUSTRY
485991,SPECIAL NEEDS TRANSPORTATION 
485999,ALL OTHER TRANSIT AND GROUND PASSENGER TRANSPORTATION 
486110,PIPELINE TRANSPORTATION OF CRUDE OIL
486210,PIPELINE TRANSPORTATION OF NATURAL GAS
486910,PIPELINE TRANSPORTATION OF REFINED PETROLEUM PRODUCTS
486990,ALL OTHER PIPELINE TRANSPORTATION
487110,"SCENIC AND SIGHTSEEING TRANSPORTATION, LAND"
487210,"SCENIC AND SIGHTSEEING TRANSPORTATION, WATER"
487990,"SCENIC AND SIGHTSEEING TRANSPORTATION, OTHER"
488111,AIR TRAFFIC CONTROL
488119,OTHER AIRPORT OPERATIONS 
488190,OTHER SUPPORT ACTIVITIES FOR AIR TRANSPORTATION
488210,SUPPORT ACTIVITIES FOR RAIL TRANSPORTATION
488310,PORT AND HARBOR OPERATIONS
488320,MARINE CARGO HANDLING
488330,NAVIGATIONAL SERVICES TO SHIPPING 
488390,OTHER SUPPORT ACTIVITIES FOR WATER TRANSPORTATION
488410,MOTOR VEHICLE TOWING
488490,OTHER SUPPORT ACTIVITIES FOR ROAD TRANSPORTATION 
488510,FREIGHT TRANSPORTATION ARRANGEMENT 
488991,PACKING AND CRATING 
488999,ALL OTHER SUPPORT ACTIVITIES FOR TRANSPORTATION 
491110,POSTAL SERVICE
492110,COURIERS AND EXPRESS DELIVERY SERVICES
492210,LOCAL MESSENGERS AND LOCAL DELIVERY
493110,GENERAL WAREHOUSING AND STORAGE 
493120,REFRIGERATED WAREHOUSING AND STORAGE
493130,FARM PRODUCT WAREHOUSING AND STORAGE
493190,OTHER WAREHOUSING AND STORAGE
511110,NEWSPAPER PUBLISHERS 
511120,PERIODICAL PUBLISHERS 
511130,BOOK PUBLISHERS 
511140,DIRECTORY AND MAILING LIST PUBLISHERS 
511191,GREETING CARD PUBLISHERS 
511199,ALL OTHER PUBLISHERS 
511210,SOFTWARE PUBLISHERS
512110,MOTION PICTURE AND VIDEO PRODUCTION 
512120,MOTION PICTURE AND VIDEO DISTRIBUTION
512131,MOTION PICTURE THEATERS (EXCEPT DRIVE-INS) 
512132,DRIVE-IN MOTION PICTURE THEATERS 
512191,TELEPRODUCTION AND OTHER POSTPRODUCTION SERVICES 
512199,OTHER MOTION PICTURE AND VIDEO INDUSTRIES 
512230,MUSIC PUBLISHERS
512240,SOUND RECORDING STUDIOS
512250,RECORD PRODUCTION AND DISTRIBUTION
512290,OTHER SOUND RECORDING INDUSTRIES
515111,RADIO NETWORKS 
515112,RADIO STATIONS 
515120,TELEVISION BROADCASTING
515210,CABLE AND OTHER SUBSCRIPTION PROGRAMMING
517311,WIRED TELECOMMUNICATIONS CARRIERS 
517312,WIRELESS TELECOMMUNICATIONS CARRIERS (EXCEPT SATELLITE)
517410,SATELLITE TELECOMMUNICATIONS
517911,TELECOMMUNICATIONS RESELLERS 
517919,ALL OTHER TELECOMMUNICATIONS 
518210,"DATA PROCESSING, HOSTING, AND RELATED SERVICES"
519110,NEWS SYNDICATES
519120,LIBRARIES AND ARCHIVES 
519130,INTERNET PUBLISHING AND BROADCASTING AND WEB SEARCH PORTALS
519190,ALL OTHER INFORMATION SERVICES
521110,MONETARY AUTHORITIES-CENTRAL BANK
522110,COMMERCIAL BANKING 
522120,SAVINGS INSTITUTIONS 
522130,CREDIT UNIONS 
522190,OTHER DEPOSITORY CREDIT INTERMEDIATION 
522210,CREDIT CARD ISSUING 
522220,SALES FINANCING 
522291,CONSUMER LENDING 
522292,REAL ESTATE CREDIT 
522293,INTERNATIONAL TRADE FINANCING 
522294,SECONDARY MARKET FINANCING 
522298,ALL OTHER NONDEPOSITORY CREDIT INTERMEDIATION 
522310,MORTGAGE AND NONMORTGAGE LOAN BROKERS 
522320,"FINANCIAL TRANSACTIONS PROCESSING, RESERVE, AND CLEARINGHOUSE ACTIVITIES "
522390,OTHER ACTIVITIES RELATED TO CREDIT INTERMEDIATION 
523110,INVESTMENT BANKING AND SECURITIES DEALING 
523120,SECURITIES BROKERAGE 
523130,COMMODITY CONTRACTS DEALING 
523140,COMMODITY CONTRACTS BROKERAGE 
523210,SECURITIES AND COMMODITY EXCHANGES
523910,MISCELLANEOUS INTERMEDIATION 
523920,PORTFOLIO MANAGEMENT 
523930,INVESTMENT ADVICE 
523991,"TRUST, FIDUCIARY, AND CUSTODY ACTIVITIES "
523999,MISCELLANEOUS FINANCIAL INVESTMENT ACTIVITIES 
524113,DIRECT LIFE INSURANCE CARRIERS 
524114,DIRECT HEALTH AND MEDICAL INSURANCE CARRIERS 
524126,DIRECT PROPERTY AND CASUALTY INSURANCE CARRIERS 
524127,DIRECT TITLE INSURANCE CARRIERS 
524128,"OTHER DIRECT INSURANCE (EXCEPT LIFE, HEALTH, AND MEDICAL) CARRIERS "
524130,REINSURANCE CARRIERS 
524210,INSURANCE AGENCIES AND BROKERAGES 
524291,CLAIMS ADJUSTING 
524292,THIRD PARTY ADMINISTRATION OF INSURANCE AND PENSION FUNDS 
524298,ALL OTHER INSURANCE RELATED ACTIVITIES 
525110,PENSION FUNDS 
525120,HEALTH AND WELFARE FUNDS 
525190,OTHER INSURANCE FUNDS 
525910,OPEN-END INVESTMENT FUNDS 
525920,"TRUSTS, ESTATES, AND AGENCY ACCOUNTS "
525990,OTHER FINANCIAL VEHICLES 
531110,LESSORS OF RESIDENTIAL BUILDINGS AND DWELLINGS 
531120,LESSORS OF NONRESIDENTIAL BUILDINGS (EXCEPT MINIWAREHOUSES) 
531130,LESSORS OF MINIWAREHOUSES AND SELF-STORAGE UNITS 
531190,LESSORS OF OTHER REAL ESTATE PROPERTY 
531210,OFFICES OF REAL ESTATE AGENTS AND BROKERS
531311,RESIDENTIAL PROPERTY MANAGERS 
531312,NONRESIDENTIAL PROPERTY MANAGERS 
531320,OFFICES OF REAL ESTATE APPRAISERS 
531390,OTHER ACTIVITIES RELATED TO REAL ESTATE 
532111,PASSENGER CAR RENTAL 
532112,PASSENGER CAR LEASING 
532120,"TRUCK, UTILITY TRAILER, AND RV (RECREATIONAL VEHICLE) RENTAL AND LEASING "
532210,CONSUMER ELECTRONICS AND APPLIANCES RENTAL
532281,FORMAL WEAR AND COSTUME RENTAL
532282,VIDEO TAPE AND DISC RENTAL
532283,HOME HEALTH EQUIPMENT RENTAL 
532284,RECREATIONAL GOODS RENTAL 
532289,ALL OTHER CONSUMER GOODS RENTAL 
532310,GENERAL RENTAL CENTERS
532411,"COMMERCIAL AIR, RAIL, AND WATER TRANSPORTATION EQUIPMENT RENTAL AND LEASING "
532412,"CONSTRUCTION, MINING, AND FORESTRY MACHINERY AND EQUIPMENT RENTAL AND LEASING "
532420,OFFICE MACHINERY AND EQUIPMENT RENTAL AND LEASING
532490,OTHER COMMERCIAL AND INDUSTRIAL MACHINERY AND EQUIPMENT RENTAL AND LEASING 
533110,LESSORS OF NONFINANCIAL INTANGIBLE ASSETS (EXCEPT COPYRIGHTED WORKS)
541110,OFFICES OF LAWYERS
541120,OFFICES OF NOTARIES
541191,TITLE ABSTRACT AND SETTLEMENT OFFICES 
541199,ALL OTHER LEGAL SERVICES 
541211,OFFICES OF CERTIFIED PUBLIC ACCOUNTANTS 
541213,TAX PREPARATION SERVICES 
541214,PAYROLL SERVICES 
541219,OTHER ACCOUNTING SERVICES 
541310,ARCHITECTURAL SERVICES
541320,LANDSCAPE ARCHITECTURAL SERVICES
541330,ENGINEERING SERVICES
541340,DRAFTING SERVICES
541350,BUILDING INSPECTION SERVICES
541360,GEOPHYSICAL SURVEYING AND MAPPING SERVICES
541370,SURVEYING AND MAPPING (EXCEPT GEOPHYSICAL) SERVICES
541380,TESTING LABORATORIES
541410,INTERIOR DESIGN SERVICES
541420,INDUSTRIAL DESIGN SERVICES
541430,GRAPHIC DESIGN SERVICES
541490,OTHER SPECIALIZED DESIGN SERVICES
541511,CUSTOM COMPUTER PROGRAMMING SERVICES 
541512,COMPUTER SYSTEMS DESIGN SERVICES 
541513,COMPUTER FACILITIES MANAGEMENT SERVICES 
541519,OTHER COMPUTER RELATED SERVICES
541611,ADMINISTRATIVE MANAGEMENT AND GENERAL MANAGEMENT CONSULTING SERVICES 
541612,HUMAN RESOURCES CONSULTING SERVICES 
541613,MARKETING CONSULTING SERVICES 
541614,"PROCESS, PHYSICAL DISTRIBUTION, AND LOGISTICS CONSULTING SERVICES "
541618,OTHER MANAGEMENT CONSULTING SERVICES 
541620,ENVIRONMENTAL CONSULTING SERVICES
541690,OTHER SCIENTIFIC AND TECHNICAL CONSULTING SERVICES
541713,RESEARCH AND DEVELOPMENT IN NANOTECHNOLOGY 
541714,RESEARCH AND DEVELOPMENT IN BIOTECHNOLOGY (EXCEPT NANOBIOTECHNOLOGY)
541715,"RESEARCH AND DEVELOPMENT IN THE PHYSICAL, ENGINEERING, AND LIFE SCIENCES (EXCEPT NANOTECHNOLOGY AND BIOTECHNOLOGY) "
541720,RESEARCH AND DEVELOPMENT IN THE SOCIAL SCIENCES AND HUMANITIES 
541810,ADVERTISING AGENCIES
541820,PUBLIC RELATIONS AGENCIES
541830,MEDIA BUYING AGENCIES
541840,MEDIA REPRESENTATIVES
541850,OUTDOOR ADVERTISING
541860,DIRECT MAIL ADVERTISING
541870,ADVERTISING MATERIAL DISTRIBUTION SERVICES
541890,OTHER SERVICES RELATED TO ADVERTISING 
541910,MARKETING RESEARCH AND PUBLIC OPINION POLLING
541921,"PHOTOGRAPHY STUDIOS, PORTRAIT "
541922,COMMERCIAL PHOTOGRAPHY 
541930,TRANSLATION AND INTERPRETATION SERVICES
541940,VETERINARY SERVICES 
541990,"ALL OTHER PROFESSIONAL, SCIENTIFIC, AND TECHNICAL SERVICES"
551111,OFFICES OF BANK HOLDING COMPANIES 
551112,OFFICES OF OTHER HOLDING COMPANIES 
551114,"CORPORATE, SUBSIDIARY, AND REGIONAL MANAGING OFFICES "
561110,OFFICE ADMINISTRATIVE SERVICES
561210,FACILITIES SUPPORT SERVICES
561311,EMPLOYMENT PLACEMENT AGENCIES 
561312,EXECUTIVE SEARCH SERVICES 
561320,TEMPORARY HELP SERVICES
561330,PROFESSIONAL EMPLOYER ORGANIZATIONS
561410,DOCUMENT PREPARATION SERVICES
561421,TELEPHONE ANSWERING SERVICES 
561422,TELEMARKETING BUREAUS AND OTHER CONTACT CENTERS 
561431,PRIVATE MAIL CENTERS 
561439,OTHER BUSINESS SERVICE CENTERS (INCLUDING COPY SHOPS) 
561440,COLLECTION AGENCIES
561450,CREDIT BUREAUS
561491,REPOSSESSION SERVICES 
561492,COURT REPORTING AND STENOTYPE SERVICES 
561499,ALL OTHER BUSINESS SUPPORT SERVICES 
561510,TRAVEL AGENCIES
561520,TOUR OPERATORS
561591,CONVENTION AND VISITORS BUREAUS 
561599,ALL OTHER TRAVEL ARRANGEMENT AND RESERVATION SERVICES 
561611,INVESTIGATION SERVICES 
561612,SECURITY GUARDS AND PATROL SERVICES 
561613,ARMORED CAR SERVICES 
561621,SECURITY SYSTEMS SERVICES (EXCEPT LOCKSMITHS) 
561622,LOCKSMITHS 
561710,EXTERMINATING AND PEST CONTROL SERVICES
561720,JANITORIAL SERVICES 
561730,LANDSCAPING SERVICES
561740,CARPET AND UPHOLSTERY CLEANING SERVICES
561790,OTHER SERVICES TO BUILDINGS AND DWELLINGS 
561910,PACKAGING AND LABELING SERVICES
561920,CONVENTION AND TRADE SHOW ORGANIZERS
561990,ALL OTHER SUPPORT SERVICES
562111,SOLID WASTE COLLECTION 
562112,HAZARDOUS WASTE COLLECTION 
562119,OTHER WASTE COLLECTION 
562211,HAZARDOUS WASTE TREATMENT AND DISPOSAL 
562212,SOLID WASTE LANDFILL 
562213,SOLID WASTE COMBUSTORS AND INCINERATORS 
562219,OTHER NONHAZARDOUS WASTE TREATMENT AND DISPOSAL 
562910,REMEDIATION SERVICES 
562920,MATERIALS RECOVERY FACILITIES 
562991,SEPTIC TANK AND RELATED SERVICES 
562998,ALL OTHER MISCELLANEOUS WASTE MANAGEMENT SERVICES 
611110,ELEMENTARY AND SECONDARY SCHOOLS 
611210,JUNIOR COLLEGES 
611310,"COLLEGES, UNIVERSITIES, AND PROFESSIONAL SCHOOLS "
611410,BUSINESS AND SECRETARIAL SCHOOLS 
611420,COMPUTER TRAINING 
611430,PROFESSIONAL AND MANAGEMENT DEVELOPMENT TRAINING 
611511,COSMETOLOGY AND BARBER SCHOOLS 
611512,FLIGHT TRAINING 
611513,APPRENTICESHIP TRAINING 
611519,OTHER TECHNICAL AND TRADE SCHOOLS 
611610,FINE ARTS SCHOOLS 
611620,SPORTS AND RECREATION INSTRUCTION 
611630,LANGUAGE SCHOOLS 
611691,EXAM PREPARATION AND TUTORING 
611692,AUTOMOBILE DRIVING SCHOOLS 
611699,ALL OTHER MISCELLANEOUS SCHOOLS AND INSTRUCTION 
611710,EDUCATIONAL SUPPORT SERVICES
621111,OFFICES OF PHYSICIANS (EXCEPT MENTAL HEALTH SPECIALISTS) 
621112,"OFFICES OF PHYSICIANS, MENTAL HEALTH SPECIALISTS "
621210,OFFICES OF DENTISTS 
621310,OFFICES OF CHIROPRACTORS 
621320,OFFICES OF OPTOMETRISTS
621330,OFFICES OF MENTAL HEALTH PRACTITIONERS (EXCEPT PHYSICIANS) 
621340,"OFFICES OF PHYSICAL, OCCUPATIONAL AND SPEECH THERAPISTS, AND AUDIOLOGISTS "
621391,OFFICES OF PODIATRISTS 
621399,OFFICES OF ALL OTHER MISCELLANEOUS HEALTH PRACTITIONERS 
621410,FAMILY PLANNING CENTERS 
621420,OUTPATIENT MENTAL HEALTH AND SUBSTANCE ABUSE CENTERS 
621491,HMO MEDICAL CENTERS 
621492,KIDNEY DIALYSIS CENTERS 
621493,FREESTANDING AMBULATORY SURGICAL AND EMERGENCY CENTERS 
621498,ALL OTHER OUTPATIENT CARE CENTERS 
621511,MEDICAL LABORATORIES 
621512,DIAGNOSTIC IMAGING CENTERS 
621610,HOME HEALTH CARE SERVICES
621910,AMBULANCE SERVICES 
621991,BLOOD AND ORGAN BANKS 
621999,ALL OTHER MISCELLANEOUS AMBULATORY HEALTH CARE SERVICES 
622110,GENERAL MEDICAL AND SURGICAL HOSPITALS 
622210,PSYCHIATRIC AND SUBSTANCE ABUSE HOSPITALS 
622310,SPECIALTY (EXCEPT PSYCHIATRIC AND SUBSTANCE ABUSE) HOSPITALS 
623110,NURSING CARE FACILITIES (SKILLED NURSING FACILITIES) 
623210,RESIDENTIAL INTELLECTUAL AND DEVELOPMENTAL DISABILITY FACILITIES 
623220,RESIDENTIAL MENTAL HEALTH AND SUBSTANCE ABUSE FACILITIES 
623311,CONTINUING CARE RETIREMENT COMMUNITIES 
623312,ASSISTED LIVING FACILITIES FOR THE ELDERLY 
623990,OTHER RESIDENTIAL CARE FACILITIES 
624110,CHILD AND YOUTH SERVICES 
624120,SERVICES FOR THE ELDERLY AND PERSONS WITH DISABILITIES 
624190,OTHER INDIVIDUAL AND FAMILY SERVICES 
624210,COMMUNITY FOOD SERVICES 
624221,TEMPORARY SHELTERS 
624229,OTHER COMMUNITY HOUSING SERVICES 
624230,EMERGENCY AND OTHER RELIEF SERVICES 
624310,VOCATIONAL REHABILITATION SERVICES 
624410,CHILD DAY CARE SERVICES 
711110,THEATER COMPANIES AND DINNER THEATERS 
711120,DANCE COMPANIES 
711130,MUSICAL GROUPS AND ARTISTS 
711190,OTHER PERFORMING ARTS COMPANIES 
711211,SPORTS TEAMS AND CLUBS 
711212,RACETRACKS 
711219,OTHER SPECTATOR SPORTS 
711310,"PROMOTERS OF PERFORMING ARTS, SPORTS, AND SIMILAR EVENTS WITH FACILITIES "
711320,"PROMOTERS OF PERFORMING ARTS, SPORTS, AND SIMILAR EVENTS WITHOUT FACILITIES "
711410,"AGENTS AND MANAGERS FOR ARTISTS, ATHLETES, ENTERTAINERS, AND OTHER PUBLIC FIGURES"
711510,"INDEPENDENT ARTISTS, WRITERS, AND PERFORMERS "
712110,MUSEUMS 
712120,HISTORICAL SITES
712130,ZOOS AND BOTANICAL GARDENS 
712190,NATURE PARKS AND OTHER SIMILAR INSTITUTIONS
713110,AMUSEMENT AND THEME PARKS 
713120,AMUSEMENT ARCADES
713210,CASINOS (EXCEPT CASINO HOTELS)
713290,OTHER GAMBLING INDUSTRIES 
713910,GOLF COURSES AND COUNTRY CLUBS
713920,SKIING FACILITIES
713930,MARINAS
713940,FITNESS AND RECREATIONAL SPORTS CENTERS 
713950,BOWLING CENTERS
713990,ALL OTHER AMUSEMENT AND RECREATION INDUSTRIES 
721110,HOTELS (EXCEPT CASINO HOTELS) AND MOTELS 
721120,CASINO HOTELS
721191,BED-AND-BREAKFAST INNS 
721199,ALL OTHER TRAVELER ACCOMMODATION 
721211,RV (RECREATIONAL VEHICLE) PARKS AND CAMPGROUNDS 
721214,RECREATIONAL AND VACATION CAMPS (EXCEPT CAMPGROUNDS) 
721310,"ROOMING AND BOARDING HOUSES, DORMITORIES, AND WORKERS' CAMPS "
722310,FOOD SERVICE CONTRACTORS
722320,CATERERS
722330,MOBILE FOOD SERVICES
722410,DRINKING PLACES (ALCOHOLIC BEVERAGES) 
722511,FULL-SERVICE RESTAURANTS 
722513,LIMITED-SERVICE RESTAURANTS 
722514,"CAFETERIAS, GRILL BUFFETS, AND BUFFETS "
722515,SNACK AND NONALCOHOLIC BEVERAGE BARS 
811111,GENERAL AUTOMOTIVE REPAIR 
811112,AUTOMOTIVE EXHAUST SYSTEM REPAIR 
811113,AUTOMOTIVE TRANSMISSION REPAIR 
811118,OTHER AUTOMOTIVE MECHANICAL AND ELECTRICAL REPAIR AND MAINTENANCE 
811121,"AUTOMOTIVE BODY, PAINT, AND INTERIOR REPAIR AND MAINTENANCE "
811122,AUTOMOTIVE GLASS REPLACEMENT SHOPS 
811191,AUTOMOTIVE OIL CHANGE AND LUBRICATION SHOPS 
811192,CAR WASHES 
811198,ALL OTHER AUTOMOTIVE REPAIR AND MAINTENANCE 
811211,CONSUMER ELECTRONICS REPAIR AND MAINTENANCE 
811212,COMPUTER AND OFFICE MACHINE REPAIR AND MAINTENANCE 
811213,COMMUNICATION EQUIPMENT REPAIR AND MAINTENANCE 
811219,OTHER ELECTRONIC AND PRECISION EQUIPMENT REPAIR AND MAINTENANCE 
811310,COMMERCIAL AND INDUSTRIAL MACHINERY AND EQUIPMENT (EXCEPT AUTOMOTIVE AND ELECTRONIC) REPAIR AND MAINTENANCE 
811411,HOME AND GARDEN EQUIPMENT REPAIR AND MAINTENANCE 
811412,APPLIANCE REPAIR AND MAINTENANCE 
811420,REUPHOLSTERY AND FURNITURE REPAIR
811430,FOOTWEAR AND LEATHER GOODS REPAIR
811490,OTHER PERSONAL AND HOUSEHOLD GOODS REPAIR AND MAINTENANCE 
812111,BARBER SHOPS 
812112,BEAUTY SALONS 
812113,NAIL SALONS 
812191,DIET AND WEIGHT REDUCING CENTERS 
812199,OTHER PERSONAL CARE SERVICES 
812210,FUNERAL HOMES AND FUNERAL SERVICES 
812220,CEMETERIES AND CREMATORIES 
812310,COIN-OPERATED LAUNDRIES AND DRYCLEANERS 
812320,DRYCLEANING AND LAUNDRY SERVICES (EXCEPT COIN-OPERATED) 
812331,LINEN SUPPLY 
812332,INDUSTRIAL LAUNDERERS 
812910,PET CARE (EXCEPT VETERINARY) SERVICES 
812921,PHOTOFINISHING LABORATORIES (EXCEPT ONE-HOUR) 
812922,ONE-HOUR PHOTOFINISHING 
812930,PARKING LOTS AND GARAGES 
812990,ALL OTHER PERSONAL SERVICES 
813110,RELIGIOUS ORGANIZATIONS 
813211,GRANTMAKING FOUNDATIONS 
813212,VOLUNTARY HEALTH ORGANIZATIONS 
813219,OTHER GRANTMAKING AND GIVING SERVICES 
813311,HUMAN RIGHTS ORGANIZATIONS 
813312,"ENVIRONMENT, CONSERVATION AND WILDLIFE ORGANIZATIONS "
813319,OTHER SOCIAL ADVOCACY ORGANIZATIONS 
813410,CIVIC AND SOCIAL ORGANIZATIONS 
813910,BUSINESS ASSOCIATIONS 
813920,PROFESSIONAL ORGANIZATIONS 
813930,LABOR UNIONS AND SIMILAR LABOR ORGANIZATIONS 
813940,POLITICAL ORGANIZATIONS 
813990,"OTHER SIMILAR ORGANIZATIONS (EXCEPT BUSINESS, PROFESSIONAL, LABOR, AND POLITICAL ORGANIZATIONS) "
814110,PRIVATE HOUSEHOLDS
921110,EXECUTIVE OFFICES 
921120,LEGISLATIVE BODIES 
921130,PUBLIC FINANCE ACTIVITIES 
921140,"EXECUTIVE AND LEGISLATIVE OFFICES, COMBINED "
921150,AMERICAN INDIAN AND ALASKA NATIVE TRIBAL GOVERNMENTS 
921190,OTHER GENERAL GOVERNMENT SUPPORT 
922110,COURTS 
922120,POLICE PROTECTION 
922130,LEGAL COUNSEL AND PROSECUTION 
922140,CORRECTIONAL INSTITUTIONS 
922150,PAROLE OFFICES AND PROBATION OFFICES 
922160,FIRE PROTECTION 
922190,"OTHER JUSTICE, PUBLIC ORDER, AND SAFETY ACTIVITIES "
923110,ADMINISTRATION OF EDUCATION PROGRAMS 
923120,ADMINISTRATION OF PUBLIC HEALTH PROGRAMS 
923130,"ADMINISTRATION OF HUMAN RESOURCE PROGRAMS (EXCEPT EDUCATION, PUBLIC HEALTH, AND VETERANS' AFFAIRS PROGRAMS) "
923140,ADMINISTRATION OF VETERANS' AFFAIRS 
924110,ADMINISTRATION OF AIR AND WATER RESOURCE AND SOLID WASTE MANAGEMENT PROGRAMS 
924120,ADMINISTRATION OF CONSERVATION PROGRAMS 
925110,ADMINISTRATION OF HOUSING PROGRAMS 
925120,ADMINISTRATION OF URBAN PLANNING AND COMMUNITY AND RURAL DEVELOPMENT 
926110,ADMINISTRATION OF GENERAL ECONOMIC PROGRAMS 
926120,REGULATION AND ADMINISTRATION OF TRANSPORTATION PROGRAMS 
926130,"REGULATION AND ADMINISTRATION OF COMMUNICATIONS, ELECTRIC, GAS, AND OTHER UTILITIES "
926140,REGULATION OF AGRICULTURAL MARKETING AND COMMODITIES 
926150,"REGULATION, LICENSING, AND INSPECTION OF MISCELLANEOUS COMMERCIAL SECTORS "
927110,SPACE RESEARCH AND TECHNOLOGY 
928110,NATIONAL SECURITY 
928120,INTERNATIONAL AFFAIRS 
999990,UNCLASSIFIED ESTABLISHMENTS